{
  "timestamp": "2026-02-05T14:33:27.642650",
  "data_dir": "../simulation_6/training_data",
  "algorithms": {
    "lstm_dqn": {
      "mean_reward": -75.70922410518382,
      "std_reward": 0.0,
      "action_distribution": {
        "0": 408,
        "1": 0,
        "2": 0,
        "3": 0,
        "4": 0,
        "5": 9,
        "6": 0,
        "7": 0,
        "8": 0,
        "9": 0,
        "10": 0,
        "11": 0,
        "12": 0,
        "13": 0,
        "14": 0,
        "15": 9,
        "16": 114,
        "17": 0,
        "18": 0,
        "19": 0,
        "20": 123
      }
    }
  },
  "baselines": {
    "hold": {
      "mean_reward": 0.0,
      "std_reward": 0.0
    },
    "fixed_width_5": {
      "mean_reward": -393.88380052335,
      "std_reward": 5.684341886080802e-14
    },
    "fixed_width_25": {
      "mean_reward": -217.57459511876596,
      "std_reward": 0.0
    },
    "fixed_width_50": {
      "mean_reward": -161.33883345069674,
      "std_reward": 0.0
    }
  }
}