{
  "timestamp": "2026-02-07T23:22:32.571014",
  "data_dir": "/Users/ohm/Documents/GitHub/ice-senior-project/research/simulation_6/training_data",
  "algorithms": {
    "lstm_dqn": {
      "mean_reward": -10.907718645729641,
      "std_reward": 0.0,
      "action_distribution": {
        "0": 2130,
        "1": 10,
        "2": 0,
        "3": 0,
        "4": 0,
        "5": 0,
        "6": 0,
        "7": 0,
        "8": 0,
        "9": 0,
        "10": 20,
        "11": 0,
        "12": 0,
        "13": 0,
        "14": 0,
        "15": 0,
        "16": 10,
        "17": 0,
        "18": 0,
        "19": 0,
        "20": 40
      }
    }
  },
  "baselines": {
    "hold": {
      "mean_reward": 0.0,
      "std_reward": 0.0
    },
    "fixed_width_5": {
      "mean_reward": -393.88380052335003,
      "std_reward": 0.0
    },
    "fixed_width_25": {
      "mean_reward": -217.57459511876596,
      "std_reward": 0.0
    },
    "fixed_width_50": {
      "mean_reward": -161.33883345069674,
      "std_reward": 0.0
    }
  }
}